,AMC,BB,GME,SPY,TSLA
score,8.213902520898046e-06,1.0946640243023084e-05,1.1511665852106783e-05,8.816481654277458e-07,5.7025714690944696e-06
upvote_rate,0.055391960002442085,0.06678172601707597,0.08136666412299802,0.059522196439960436,0.08187252427583397
put_comments,0.014117484672336846,0.015882021717574864,0.007467075686831918,0.0016839831350805704,0.004079995602342104
buy_comments,0.007731272364179621,0.004289382725090665,0.0033896789867960343,0.0014281296457789921,0.004887321303730031
call_comments,0.012961910873737303,0.006511437688945068,0.004332406335375672,0.0015109226844398566,0.005257007497627969
sell_comments,0.007181936906366964,0.021129230941209252,0.004141191929731065,0.0034490411953558594,0.00557935494810256
compound,0.04079156964652344,0.04983001775606921,0.048101298522663906,0.020447424386616054,0.05327756145899728
mean_NLTK_comments,0.12234116669942958,0.050841260455785235,0.15039455605034366,0.051208523843977005,0.10329156458738742
ticker_comments,0.0032653215672911948,0.007080093023819013,0.002189791258837283,0.001805864790902908,0.006192958957980508
