,AMC,BB,GME,SPY,TSLA
score,1.20622131832814,0.20565809798964096,-3.5277002480615494,0.11869072610208775,-0.19110493934336148
upvote_rate,-484.1080536390655,8460.722641021013,-1195.624757063575,-17791.866601953283,-12891.79952709563
buy_comments,336.39993319284986,-1016.5931711918638,-163.9581447756027,198.2928399365137,-216.0399010932706
sell_comments,-372.8370717364596,-1758.9768720609718,-323.31051138181647,-508.52510427644665,698.8297008254667
compound,1817.768580781445,-7048.529928903445,23723.89859050489,-1477.6271785114368,-4614.834265978076
ticker_comments,-396.9154130694842,345.4066772197584,90.26985401616548,404.4064641690147,-442.3391899971357
