,AMC,BB,GME,SPY,TSLA
score,1.1239451328691163,1.4161724745366027,2.467958667440797,0.18424834364048268,1.0359220446326156
upvote_rate,7121.787113896835,14866.4554640011,20000.915722061993,11976.00087845264,16171.37636377576
buy_comments,1109.9147168290829,934.7646872637458,750.0917011984544,261.3976388954763,795.2199373757702
sell_comments,1117.9903940062343,4167.392337751313,909.5328731795888,557.1582245520046,1060.0425730627683
compound,6166.0120318797535,8584.938949318712,11253.745836778551,3858.21318305466,8667.682400545062
ticker_comments,441.3750382186981,1507.4465091946468,442.5543923856999,305.59993646374005,887.5739861501643
