,AMC,BB,GME,SPY,TSLA
score,-9.545772850568825e-06,1.7255070637322255e-05,9.969950328686267e-06,4.796840940299654e-08,1.4253051002237251e-05
upvote_rate,-0.19364750686789733,-0.10701180573930458,0.031325839075293516,-0.030373815842096974,-0.21081275440913316
put_comments,0.006859678076343467,-0.020412479494574143,-0.0035482527901447014,0.002511743404545408,0.0023734432329933774
buy_comments,-0.014710361444101316,0.0023384307711543095,-0.002170836713319857,0.0025816791732637956,0.00899630487693559
call_comments,-0.02173071945786509,0.010409321477417022,0.0010016417776820274,-0.0017722669594095741,-0.016439708975907352
sell_comments,0.014318602169242162,0.006201393477886397,0.00744507911877379,-0.0021395525342327026,0.005557812769465542
compound,-0.02593022543137824,-0.05461684832253155,-0.03997866765708302,-0.0075564661150124834,-0.0037115519358827953
mean_NLTK_comments,-0.2647289341039425,-0.09068664306512542,-0.21950210669858716,-0.015337678526648801,-0.06655129756732237
ticker_comments,0.007546945449323661,0.0004184870953904962,-0.0014632168775361165,-0.0025859705216326745,0.004714521643566227
