,AMC,BB,GME,SPY,TSLA
score,0.2612316456165713,0.13728111085100925,0.3967208207055859,0.9571784075382341,0.022975641665523572
upvote_rate,0.0027682470597605313,0.13138023787283903,0.7043041212711172,0.6157228379993294,0.019674532125349975
put_comments,0.633242183638882,0.21955824249880007,0.6398024354115899,0.1522346366402978,0.568385207260482
buy_comments,0.07415602705992508,0.5942178566062668,0.5291658713531922,0.08650684587017077,0.08318149139938447
call_comments,0.11193035739569046,0.13222272468727447,0.8195101360142691,0.25530410444403606,0.006136061385486391
sell_comments,0.062482576577952864,0.7734471429446181,0.08732191694275548,0.5424085603702262,0.3331511567107108
compound,0.5334521926500635,0.2915480649523132,0.41571019122586916,0.715800190401491,0.9452736525708509
mean_NLTK_comments,0.045004984967231376,0.09615223209487489,0.1599545577224768,0.7677996010385573,0.5279761243324783
ticker_comments,0.033623397459762616,0.9537018533313,0.5116449428236967,0.16839463021792755,0.45692617364912547
ANOVA,9.838796444228137e-13,1.3130697740226793e-07,0.3401890942556769,2.2576773873073108e-05,2.00361949254102e-12
