,top,bottom,EW,L/S
Intercept,-0.0005175595218080121,0.0030503465954062367,-0.0001607689100865872,-0.003567906117214248
CMA,0.006733374142641071,0.07626952145207158,0.01368698887358413,-0.06953614730943046
RMW,-0.00888257057510788,-0.017894728640286225,-0.009783786381625727,0.009012158065178341
HML,-0.002737503775888807,-0.023423756154967165,-0.004806129013796643,0.02068625237907834
SMB,0.005152145963472831,0.025181691125478776,0.007155100479673415,-0.020029545162005967
Mkt-RF,0.009464799275283752,-0.003725321710730074,0.008145787176682368,0.01319012098601383
