,top,bottom,EW,L/S
Intercept,-3.3337804873378886e-05,-0.0015301281259040137,-0.0001830168369764418,0.0014967903210306357
CMA,-0.7664561821041931,-0.4616155684044343,-0.7359721207342172,-0.30484061369975846
RMW,0.39376328010435824,0.21334359259927588,0.37572131135385006,0.1804196875050822
HML,0.07892281986797557,0.0013367553011139899,0.07116421341128931,0.07758606456686146
SMB,0.442665379999939,-0.21948812277236954,0.3764500297227081,0.6621535027723084
Mkt-RF,0.006679117251264015,0.6034463527944415,0.06635584080558161,-0.5967672355431775
