,top,bottom,EW,L/S
Intercept,0.0012082964028392467,0.0031036693265683564,0.0012614524637863402,0.0027608295610766793
CMA,0.3172794535915905,0.8149742941787087,0.33123739133993196,0.7249500143670108
RMW,0.23774542394686812,0.6106806062668163,0.2482044555350749,0.5432231635390755
HML,0.16276093716524506,0.4180730216992108,0.1699212086643839,0.37189153725729934
SMB,0.19685867467201215,0.5056575760821075,0.20551899318677458,0.4498012632593884
Mkt-RF,0.15046640900805608,0.3864928979510686,0.15708581264852742,0.3437998399749953
