,top,bottom,EW,L/S
Intercept,0.0005437886005065753,0.0034752295906043135,0.0007091477556189198,0.0032845885405745705
CMA,0.001427902538091193,0.009125401209681144,0.0018621094285290833,0.008624808076709522
RMW,0.00106996305758356,0.006837891186214549,0.001395325132181332,0.006462784240977476
HML,0.0007324985991041,0.004681232383892157,0.0009552420500627884,0.00442443350662913
SMB,0.0008859540005741005,0.0056619310442351896,0.0011553612755093603,0.0053513338732202815
Mkt-RF,0.0006771676037889059,0.0043276245443423355,0.0008830856070859069,0.004090223571037304
