,top,bottom,EW,L/S
Intercept,0.34215364690641703,0.380944976399624,0.820840459400626,0.27843305468844326
CMA,4.048833182945799e-06,4.6629367034256575e-15,2.9460878181453154e-12,3.3306690738754696e-14
RMW,7.105427357601002e-15,0.009422447916930698,2.2767787655197935e-11,0.1644389132753854
HML,0.00023159820075258075,1.073819379637797e-06,9.42894756050805e-07,4.847313162636979e-06
SMB,1.879451949626798e-08,1.318096088320786e-05,2.473635296595944e-09,0.00022669031648225868
Mkt-RF,0.0,0.3901767950887527,0.0,0.0014321410609934304
