,top,bottom,EW,L/S
Intercept,0.9780110192170266,0.6224498031450094,0.8847636677233506,0.5882062941899373
CMA,0.016436930706640984,0.5716285984934601,0.027204989856748796,0.6744896861140433
RMW,0.09895354001349244,0.7271237946689095,0.13137634422262656,0.7400764849658445
HML,0.6281803626858187,0.9974514337138669,0.6757240127865534,0.8349139301744823
SMB,0.025424335674875786,0.6646234305087675,0.0682095845483972,0.1422766213909774
Mkt-RF,0.9646301490615656,0.11973459136184794,0.67309057355242,0.08385672566007152
