top,bottom,EW,L/S
0.03612710769739613,0.015550592440911282,0.029907779859861594,0.021966539944932806
