top,bottom,EW,L/S
0.7615990059865025,0.3856690693578131,0.6895451432617156,0.33604509733888166
