top,bottom,EW,L/S
0.008372548111825893,0.05350705571957608,0.010918532857771751,0.05057181330740321
