top,bottom,EW,L/S
0.018603773151356143,0.047786255055152875,0.019422200895704025,0.042507655193824094
