,Intercept,CMA,RMW,HML,SMB,Mkt-RF
Coefficient,-0.0001830168369764418,-0.7359721207342172,0.37572131135385006,0.07116421341128931,0.3764500297227081,0.06635584080558161
Std error,0.0012614524637863402,0.33123739133993196,0.2482044555350749,0.1699212086643839,0.20551899318677458,0.15708581264852742
t-stat,-0.14508421223190893,-2.2218872022782197,1.5137573197220675,0.4188071281428308,1.8317043300255578,0.4224177835464358
R^2,0.029907779859861594,,,,,
SE,0.019422200895704025,,,,,
