,Intercept,CMA,RMW,HML,SMB,Mkt-RF
Coefficient,0.0030503465954062367,0.07626952145207158,-0.017894728640286225,-0.023423756154967165,0.025181691125478776,-0.003725321710730074
Std error,0.0034752295906043135,0.009125401209681144,0.006837891186214549,0.004681232383892157,0.0056619310442351896,0.0043276245443423355
t-stat,0.8777395898254328,8.357936237494654,-2.6169952333202797,-5.003758462315804,4.447544650180441,-0.860823685733164
R^2,0.3856690693578131,,,,,
SE,0.05350705571957608,,,,,
