,Intercept,CMA,RMW,HML,SMB,Mkt-RF
Coefficient,0.0014967903210306357,-0.30484061369975846,0.1804196875050822,0.07758606456686146,0.6621535027723084,-0.5967672355431775
Std error,0.0027608295610766793,0.7249500143670108,0.5432231635390755,0.37189153725729934,0.4498012632593884,0.3437998399749953
t-stat,0.542152381346899,-0.42049880358431285,0.33212811900298156,0.20862551791056824,1.4721023635508603,-1.735798468046351
R^2,0.021966539944932806,,,,,
SE,0.042507655193824094,,,,,
