,Intercept,CMA,RMW,HML,SMB,Mkt-RF
Coefficient,-3.3337804873378886e-05,-0.7664561821041931,0.39376328010435824,0.07892281986797557,0.442665379999939,0.006679117251264015
Std error,0.0012082964028392467,0.3172794535915905,0.23774542394686812,0.16276093716524506,0.19685867467201215,0.15046640900805608
t-stat,-0.027590750742153943,-2.415713256651007,1.6562391551744748,0.48490025458533825,2.2486455358772854,0.044389424159823006
R^2,0.03612710769739613,,,,,
SE,0.018603773151356143,,,,,
