,Intercept,CMA,RMW,HML,SMB,Mkt-RF
Coefficient,-0.0015301281259040137,-0.4616155684044343,0.21334359259927588,0.0013367553011139899,-0.21948812277236954,0.6034463527944415
Std error,0.0031036693265683564,0.8149742941787087,0.6106806062668163,0.4180730216992108,0.5056575760821075,0.3864928979510686
t-stat,-0.49300616944132875,-0.5664173357389486,0.349353803624906,0.0031974206220743407,-0.43406473699650366,1.5613387878367688
R^2,0.015550592440911282,,,,,
SE,0.047786255055152875,,,,,
