,Intercept,CMA,RMW,HML,SMB,Mkt-RF
Coefficient,-0.0001607689100865872,0.01368698887358413,-0.009783786381625727,-0.004806129013796643,0.007155100479673415,0.008145787176682368
Std error,0.0007091477556189198,0.0018621094285290833,0.001395325132181332,0.0009552420500627884,0.0011553612755093603,0.0008830856070859069
t-stat,-0.22670721131490237,7.350260228474193,-7.011832694743046,-5.031320609766639,6.192955079370277,9.224232748581015
R^2,0.6895451432617156,,,,,
SE,0.010918532857771751,,,,,
