,Intercept,CMA,RMW,HML,SMB,Mkt-RF
Coefficient,-0.0005175595218080121,0.006733374142641071,-0.00888257057510788,-0.002737503775888807,0.005152145963472831,0.009464799275283752
Std error,0.0005437886005065753,0.001427902538091193,0.00106996305758356,0.0007324985991041,0.0008859540005741005,0.0006771676037889059
t-stat,-0.9517660379895256,4.715569839691009,-8.301754450446703,-3.737213667353052,5.815365086826435,13.977040871899451
R^2,0.7615990059865025,,,,,
SE,0.008372548111825893,,,,,
