,top,bottom,EW,L/S
Intercept,-0.9517660379895256,0.8777395898254328,-0.22670721131490237,-1.08625664162797
CMA,4.715569839691009,8.357936237494654,7.350260228474193,-8.062341409915687
RMW,-8.301754450446703,-2.6169952333202797,-7.011832694743046,1.3944698955036259
HML,-3.737213667353052,-5.003758462315804,-5.031320609766639,4.675457851967742
SMB,5.815365086826435,4.447544650180441,6.192955079370277,-3.7429070277674064
Mkt-RF,13.977040871899451,-0.860823685733164,9.224232748581015,3.224792179922023
