,top,bottom,EW,L/S
Intercept,-0.027590750742153943,-0.49300616944132875,-0.14508421223190893,0.542152381346899
CMA,-2.415713256651007,-0.5664173357389486,-2.2218872022782197,-0.42049880358431285
RMW,1.6562391551744748,0.349353803624906,1.5137573197220675,0.33212811900298156
HML,0.48490025458533825,0.0031974206220743407,0.4188071281428308,0.20862551791056824
SMB,2.2486455358772854,-0.43406473699650366,1.8317043300255578,1.4721023635508603
Mkt-RF,0.044389424159823006,1.5613387878367688,0.4224177835464358,-1.735798468046351
