,AMC,BB,GME,SPY,TSLA
score,0.295958924347413,0.8862442292662536,0.1663322967779095,0.5261129787524723,0.8554961425789567
upvote_rate,0.9464800234678767,0.5767208572163405,0.9528484308777381,0.15156793850124584,0.43469846589059324
buy_comments,0.7649541938088804,0.29197789962124365,0.8289019481654765,0.45615038466143076,0.7886579231136062
sell_comments,0.7422364654343645,0.6782555818099016,0.7254778082228976,0.37128807372826067,0.5172567317041934
compound,0.771181518485998,0.42299142387041,0.046125335712298376,0.7054084095609945,0.600301975769634
ticker_comments,0.3792088138475811,0.8214990001031097,0.840167402118674,0.1993180045035352,0.6236604790982816
ANOVA,0.6826373531381968,0.013684495931825413,0.08679371760999999,4.873879078104437e-14,1.1028549306013602e-06
